id,district,crime_type,crime_category,year,crime_count,latitude,longitude,crime_rate,ipc_cases,sll_cases,total_cases,conviction_rate,chargesheet_rate,pendency_rate,police_range,risk_level,source_table
1,Bagalkot,Murder,Violent Crime,2024,22,16.1691,75.6497,98.6,2219,921,3140,36.5,75.3,83.4,Northern Range,Medium,Table 2A.1 - Murder Cases 2022-2024
2,Bagalkot,Kidnapping & Abduction,Violent Crime,2024,55,16.1691,75.6497,98.6,2219,921,3140,36.5,75.3,83.4,Northern Range,Medium,Table 2B.1 - Kidnapping & Abduction (District-wise)
3,Bagalkot,Crime Against Women,Crime Against Women,2024,340,16.1691,75.6497,98.6,2219,921,3140,36.5,75.3,83.4,Northern Range,Medium,Table 3.1 - Crime against Women (IPC+SLL)
4,Bagalkot,Economic Offence,Financial Crime,2024,139,16.1691,75.6497,98.6,2219,921,3140,36.5,75.3,83.4,Northern Range,Medium,Table 9.1 - Economic Offences (District-wise)
5,Bagalkot,Cyber Crime,Cyber Crime,2024,47,16.1691,75.6497,98.6,2219,921,3140,36.5,75.3,83.4,Northern Range,Medium,Table 10.1 - Cyber Crimes (District-wise)
6,Bagalkot,Missing Persons,Public Safety,2024,47,16.1691,75.6497,98.6,2219,921,3140,36.5,75.3,83.4,Northern Range,Medium,Table 14.1 - Missing and Traced Children (District-wise)
7,Bengaluru City,Murder,Violent Crime,2024,176,12.9716,77.5946,218.3,34715,22840,57555,64.5,63.4,84.3,Commissionerate,High,Table 2A.1 - Murder Cases 2022-2024
8,Bengaluru City,Kidnapping & Abduction,Violent Crime,2024,1215,12.9716,77.5946,218.3,34715,22840,57555,64.5,63.4,84.3,Commissionerate,High,Table 2B.1 - Kidnapping & Abduction (District-wise)
9,Bengaluru City,Crime Against Women,Crime Against Women,2024,4748,12.9716,77.5946,218.3,34715,22840,57555,64.5,63.4,84.3,Commissionerate,High,Table 3.1 - Crime against Women (IPC+SLL)
10,Bengaluru City,Economic Offence,Financial Crime,2024,3477,12.9716,77.5946,218.3,34715,22840,57555,64.5,63.4,84.3,Commissionerate,High,Table 9.1 - Economic Offences (District-wise)
11,Bengaluru City,Cyber Crime,Cyber Crime,2024,17561,12.9716,77.5946,218.3,34715,22840,57555,64.5,63.4,84.3,Commissionerate,High,Table 10.1 - Cyber Crimes (District-wise)
12,Bengaluru City,Missing Persons,Public Safety,2024,442,12.9716,77.5946,218.3,34715,22840,57555,64.5,63.4,84.3,Commissionerate,High,Table 14.1 - Missing and Traced Children (District-wise)
13,Bengaluru District,Murder,Violent Crime,2024,71,13.2846,77.5834,631.1,7636,1607,9243,72.8,70.4,97.2,Central Range,High,Table 2A.1 - Murder Cases 2022-2024
14,Bengaluru District,Kidnapping & Abduction,Violent Crime,2024,316,13.2846,77.5834,631.1,7636,1607,9243,72.8,70.4,97.2,Central Range,High,Table 2B.1 - Kidnapping & Abduction (District-wise)
15,Bengaluru District,Crime Against Women,Crime Against Women,2024,855,13.2846,77.5834,631.1,7636,1607,9243,72.8,70.4,97.2,Central Range,High,Table 3.1 - Crime against Women (IPC+SLL)
16,Bengaluru District,Economic Offence,Financial Crime,2024,597,13.2846,77.5834,631.1,7636,1607,9243,72.8,70.4,97.2,Central Range,High,Table 9.1 - Economic Offences (District-wise)
17,Bengaluru District,Cyber Crime,Cyber Crime,2024,844,13.2846,77.5834,631.1,7636,1607,9243,72.8,70.4,97.2,Central Range,High,Table 10.1 - Cyber Crimes (District-wise)
18,Bengaluru District,Missing Persons,Public Safety,2024,111,13.2846,77.5834,631.1,7636,1607,9243,72.8,70.4,97.2,Central Range,High,Table 14.1 - Missing and Traced Children (District-wise)
19,Belagavi District,Murder,Violent Crime,2024,71,15.8497,74.4977,155.9,4460,1807,6267,26.1,76.5,80.0,Northern Range,High,Table 2A.1 - Murder Cases 2022-2024
20,Belagavi District,Kidnapping & Abduction,Violent Crime,2024,99,15.8497,74.4977,155.9,4460,1807,6267,26.1,76.5,80.0,Northern Range,High,Table 2B.1 - Kidnapping & Abduction (District-wise)
21,Belagavi District,Crime Against Women,Crime Against Women,2024,605,15.8497,74.4977,155.9,4460,1807,6267,26.1,76.5,80.0,Northern Range,High,Table 3.1 - Crime against Women (IPC+SLL)
22,Belagavi District,Economic Offence,Financial Crime,2024,163,15.8497,74.4977,155.9,4460,1807,6267,26.1,76.5,80.0,Northern Range,High,Table 9.1 - Economic Offences (District-wise)
23,Belagavi District,Cyber Crime,Cyber Crime,2024,65,15.8497,74.4977,155.9,4460,1807,6267,26.1,76.5,80.0,Northern Range,High,Table 10.1 - Cyber Crimes (District-wise)
24,Belagavi District,Missing Persons,Public Safety,2024,68,15.8497,74.4977,155.9,4460,1807,6267,26.1,76.5,80.0,Northern Range,High,Table 14.1 - Missing and Traced Children (District-wise)
25,Ballari,Murder,Violent Crime,2024,18,15.1394,76.9214,109.1,1997,1387,3384,27.1,84.1,87.6,Ballari Range,Medium,Table 2A.1 - Murder Cases 2022-2024
26,Ballari,Kidnapping & Abduction,Violent Crime,2024,54,15.1394,76.9214,109.1,1997,1387,3384,27.1,84.1,87.6,Ballari Range,Medium,Table 2B.1 - Kidnapping & Abduction (District-wise)
27,Ballari,Crime Against Women,Crime Against Women,2024,319,15.1394,76.9214,109.1,1997,1387,3384,27.1,84.1,87.6,Ballari Range,Medium,Table 3.1 - Crime against Women (IPC+SLL)
28,Ballari,Economic Offence,Financial Crime,2024,113,15.1394,76.9214,109.1,1997,1387,3384,27.1,84.1,87.6,Ballari Range,Medium,Table 9.1 - Economic Offences (District-wise)
29,Ballari,Cyber Crime,Cyber Crime,2024,118,15.1394,76.9214,109.1,1997,1387,3384,27.1,84.1,87.6,Ballari Range,Medium,Table 10.1 - Cyber Crimes (District-wise)
30,Ballari,Missing Persons,Public Safety,2024,17,15.1394,76.9214,109.1,1997,1387,3384,27.1,84.1,87.6,Ballari Range,Medium,Table 14.1 - Missing and Traced Children (District-wise)
31,Bidar,Murder,Violent Crime,2024,31,17.9133,77.5301,148.1,2976,874,3850,31.4,81.2,85.2,Kalaburagi Range,High,Table 2A.1 - Murder Cases 2022-2024
32,Bidar,Kidnapping & Abduction,Violent Crime,2024,74,17.9133,77.5301,148.1,2976,874,3850,31.4,81.2,85.2,Kalaburagi Range,High,Table 2B.1 - Kidnapping & Abduction (District-wise)
33,Bidar,Crime Against Women,Crime Against Women,2024,312,17.9133,77.5301,148.1,2976,874,3850,31.4,81.2,85.2,Kalaburagi Range,High,Table 3.1 - Crime against Women (IPC+SLL)
34,Bidar,Economic Offence,Financial Crime,2024,66,17.9133,77.5301,148.1,2976,874,3850,31.4,81.2,85.2,Kalaburagi Range,High,Table 9.1 - Economic Offences (District-wise)
35,Bidar,Cyber Crime,Cyber Crime,2024,41,17.9133,77.5301,148.1,2976,874,3850,31.4,81.2,85.2,Kalaburagi Range,High,Table 10.1 - Cyber Crimes (District-wise)
36,Bidar,Missing Persons,Public Safety,2024,27,17.9133,77.5301,148.1,2976,874,3850,31.4,81.2,85.2,Kalaburagi Range,High,Table 14.1 - Missing and Traced Children (District-wise)
37,Vijayapura,Murder,Violent Crime,2024,65,16.8302,75.71,108.1,3005,1328,4333,25.5,90.4,90.2,Northern Range,Medium,Table 2A.1 - Murder Cases 2022-2024
38,Vijayapura,Kidnapping & Abduction,Violent Crime,2024,102,16.8302,75.71,108.1,3005,1328,4333,25.5,90.4,90.2,Northern Range,Medium,Table 2B.1 - Kidnapping & Abduction (District-wise)
39,Vijayapura,Crime Against Women,Crime Against Women,2024,440,16.8302,75.71,108.1,3005,1328,4333,25.5,90.4,90.2,Northern Range,Medium,Table 3.1 - Crime against Women (IPC+SLL)
40,Vijayapura,Economic Offence,Financial Crime,2024,140,16.8302,75.71,108.1,3005,1328,4333,25.5,90.4,90.2,Northern Range,Medium,Table 9.1 - Economic Offences (District-wise)
41,Vijayapura,Cyber Crime,Cyber Crime,2024,80,16.8302,75.71,108.1,3005,1328,4333,25.5,90.4,90.2,Northern Range,Medium,Table 10.1 - Cyber Crimes (District-wise)
42,Vijayapura,Missing Persons,Public Safety,2024,80,16.8302,75.71,108.1,3005,1328,4333,25.5,90.4,90.2,Northern Range,Medium,Table 14.1 - Missing and Traced Children (District-wise)
43,Chikkaballapura,Murder,Violent Crime,2024,27,13.4351,77.7315,191.6,2701,1183,3884,38.5,77.2,85.0,Central Range,High,Table 2A.1 - Murder Cases 2022-2024
44,Chikkaballapura,Kidnapping & Abduction,Violent Crime,2024,74,13.4351,77.7315,191.6,2701,1183,3884,38.5,77.2,85.0,Central Range,High,Table 2B.1 - Kidnapping & Abduction (District-wise)
45,Chikkaballapura,Crime Against Women,Crime Against Women,2024,459,13.4351,77.7315,191.6,2701,1183,3884,38.5,77.2,85.0,Central Range,High,Table 3.1 - Crime against Women (IPC+SLL)
46,Chikkaballapura,Economic Offence,Financial Crime,2024,125,13.4351,77.7315,191.6,2701,1183,3884,38.5,77.2,85.0,Central Range,High,Table 9.1 - Economic Offences (District-wise)
47,Chikkaballapura,Cyber Crime,Cyber Crime,2024,189,13.4351,77.7315,191.6,2701,1183,3884,38.5,77.2,85.0,Central Range,High,Table 10.1 - Cyber Crimes (District-wise)
48,Chikkaballapura,Missing Persons,Public Safety,2024,64,13.4351,77.7315,191.6,2701,1183,3884,38.5,77.2,85.0,Central Range,High,Table 14.1 - Missing and Traced Children (District-wise)
49,Chamarajnagar,Murder,Violent Crime,2024,12,11.9236,76.9456,280.7,2031,728,2759,31.7,89.9,94.3,Southern Range,High,Table 2A.1 - Murder Cases 2022-2024
50,Chamarajnagar,Kidnapping & Abduction,Violent Crime,2024,32,11.9236,76.9456,280.7,2031,728,2759,31.7,89.9,94.3,Southern Range,High,Table 2B.1 - Kidnapping & Abduction (District-wise)
51,Chamarajnagar,Crime Against Women,Crime Against Women,2024,374,11.9236,76.9456,280.7,2031,728,2759,31.7,89.9,94.3,Southern Range,High,Table 3.1 - Crime against Women (IPC+SLL)
52,Chamarajnagar,Economic Offence,Financial Crime,2024,39,11.9236,76.9456,280.7,2031,728,2759,31.7,89.9,94.3,Southern Range,High,Table 9.1 - Economic Offences (District-wise)
53,Chamarajnagar,Cyber Crime,Cyber Crime,2024,24,11.9236,76.9456,280.7,2031,728,2759,31.7,89.9,94.3,Southern Range,High,Table 10.1 - Cyber Crimes (District-wise)
54,Chamarajnagar,Missing Persons,Public Safety,2024,49,11.9236,76.9456,280.7,2031,728,2759,31.7,89.9,94.3,Southern Range,High,Table 14.1 - Missing and Traced Children (District-wise)
55,Chikkamagaluru,Murder,Violent Crime,2024,31,13.3161,75.772,234.4,2649,1062,3711,25.3,83.0,67.6,Western Range,High,Table 2A.1 - Murder Cases 2022-2024
56,Chikkamagaluru,Kidnapping & Abduction,Violent Crime,2024,76,13.3161,75.772,234.4,2649,1062,3711,25.3,83.0,67.6,Western Range,High,Table 2B.1 - Kidnapping & Abduction (District-wise)
57,Chikkamagaluru,Crime Against Women,Crime Against Women,2024,454,13.3161,75.772,234.4,2649,1062,3711,25.3,83.0,67.6,Western Range,High,Table 3.1 - Crime against Women (IPC+SLL)
58,Chikkamagaluru,Economic Offence,Financial Crime,2024,68,13.3161,75.772,234.4,2649,1062,3711,25.3,83.0,67.6,Western Range,High,Table 9.1 - Economic Offences (District-wise)
59,Chikkamagaluru,Cyber Crime,Cyber Crime,2024,92,13.3161,75.772,234.4,2649,1062,3711,25.3,83.0,67.6,Western Range,High,Table 10.1 - Cyber Crimes (District-wise)
60,Chikkamagaluru,Missing Persons,Public Safety,2024,32,13.3161,75.772,234.4,2649,1062,3711,25.3,83.0,67.6,Western Range,High,Table 14.1 - Missing and Traced Children (District-wise)
61,Chitradurga,Murder,Violent Crime,2024,31,14.2296,76.3985,238.0,4426,1366,5792,66.9,82.8,95.0,Eastern Range,High,Table 2A.1 - Murder Cases 2022-2024
62,Chitradurga,Kidnapping & Abduction,Violent Crime,2024,107,14.2296,76.3985,238.0,4426,1366,5792,66.9,82.8,95.0,Eastern Range,High,Table 2B.1 - Kidnapping & Abduction (District-wise)
63,Chitradurga,Crime Against Women,Crime Against Women,2024,784,14.2296,76.3985,238.0,4426,1366,5792,66.9,82.8,95.0,Eastern Range,High,Table 3.1 - Crime against Women (IPC+SLL)
64,Chitradurga,Economic Offence,Financial Crime,2024,109,14.2296,76.3985,238.0,4426,1366,5792,66.9,82.8,95.0,Eastern Range,High,Table 9.1 - Economic Offences (District-wise)
65,Chitradurga,Cyber Crime,Cyber Crime,2024,74,14.2296,76.3985,238.0,4426,1366,5792,66.9,82.8,95.0,Eastern Range,High,Table 10.1 - Cyber Crimes (District-wise)
66,Chitradurga,Missing Persons,Public Safety,2024,56,14.2296,76.3985,238.0,4426,1366,5792,66.9,82.8,95.0,Eastern Range,High,Table 14.1 - Missing and Traced Children (District-wise)
67,Dakshina Kannada,Murder,Violent Crime,2024,13,12.9141,74.856,149.5,1809,319,2128,67.4,80.4,78.7,Western Range,High,Table 2A.1 - Murder Cases 2022-2024
68,Dakshina Kannada,Kidnapping & Abduction,Violent Crime,2024,26,12.9141,74.856,149.5,1809,319,2128,67.4,80.4,78.7,Western Range,High,Table 2B.1 - Kidnapping & Abduction (District-wise)
69,Dakshina Kannada,Crime Against Women,Crime Against Women,2024,213,12.9141,74.856,149.5,1809,319,2128,67.4,80.4,78.7,Western Range,High,Table 3.1 - Crime against Women (IPC+SLL)
70,Dakshina Kannada,Economic Offence,Financial Crime,2024,61,12.9141,74.856,149.5,1809,319,2128,67.4,80.4,78.7,Western Range,High,Table 9.1 - Economic Offences (District-wise)
71,Dakshina Kannada,Cyber Crime,Cyber Crime,2024,104,12.9141,74.856,149.5,1809,319,2128,67.4,80.4,78.7,Western Range,High,Table 10.1 - Cyber Crimes (District-wise)
72,Dakshina Kannada,Missing Persons,Public Safety,2024,17,12.9141,74.856,149.5,1809,319,2128,67.4,80.4,78.7,Western Range,High,Table 14.1 - Missing and Traced Children (District-wise)
73,Davanagere,Murder,Violent Crime,2024,27,14.4644,75.9218,172.9,3146,1302,4448,46.9,73.3,72.8,Eastern Range,High,Table 2A.1 - Murder Cases 2022-2024
74,Davanagere,Kidnapping & Abduction,Violent Crime,2024,121,14.4644,75.9218,172.9,3146,1302,4448,46.9,73.3,72.8,Eastern Range,High,Table 2B.1 - Kidnapping & Abduction (District-wise)
75,Davanagere,Crime Against Women,Crime Against Women,2024,605,14.4644,75.9218,172.9,3146,1302,4448,46.9,73.3,72.8,Eastern Range,High,Table 3.1 - Crime against Women (IPC+SLL)
76,Davanagere,Economic Offence,Financial Crime,2024,108,14.4644,75.9218,172.9,3146,1302,4448,46.9,73.3,72.8,Eastern Range,High,Table 9.1 - Economic Offences (District-wise)
77,Davanagere,Cyber Crime,Cyber Crime,2024,142,14.4644,75.9218,172.9,3146,1302,4448,46.9,73.3,72.8,Eastern Range,High,Table 10.1 - Cyber Crimes (District-wise)
78,Davanagere,Missing Persons,Public Safety,2024,58,14.4644,75.9218,172.9,3146,1302,4448,46.9,73.3,72.8,Eastern Range,High,Table 14.1 - Missing and Traced Children (District-wise)
79,Dharwad,Murder,Violent Crime,2024,20,15.4589,75.0078,94.3,1066,543,1609,25.3,76.8,65.2,Northern Range,Medium,Table 2A.1 - Murder Cases 2022-2024
80,Dharwad,Kidnapping & Abduction,Violent Crime,2024,24,15.4589,75.0078,94.3,1066,543,1609,25.3,76.8,65.2,Northern Range,Medium,Table 2B.1 - Kidnapping & Abduction (District-wise)
81,Dharwad,Crime Against Women,Crime Against Women,2024,138,15.4589,75.0078,94.3,1066,543,1609,25.3,76.8,65.2,Northern Range,Medium,Table 3.1 - Crime against Women (IPC+SLL)
82,Dharwad,Economic Offence,Financial Crime,2024,34,15.4589,75.0078,94.3,1066,543,1609,25.3,76.8,65.2,Northern Range,Medium,Table 9.1 - Economic Offences (District-wise)
83,Dharwad,Cyber Crime,Cyber Crime,2024,68,15.4589,75.0078,94.3,1066,543,1609,25.3,76.8,65.2,Northern Range,Medium,Table 10.1 - Cyber Crimes (District-wise)
84,Dharwad,Missing Persons,Public Safety,2024,18,15.4589,75.0078,94.3,1066,543,1609,25.3,76.8,65.2,Northern Range,Medium,Table 14.1 - Missing and Traced Children (District-wise)
85,Gadag,Murder,Violent Crime,2024,17,15.429,75.635,89.3,1071,932,2003,41.9,75.8,75.6,Northern Range,Medium,Table 2A.1 - Murder Cases 2022-2024
86,Gadag,Kidnapping & Abduction,Violent Crime,2024,30,15.429,75.635,89.3,1071,932,2003,41.9,75.8,75.6,Northern Range,Medium,Table 2B.1 - Kidnapping & Abduction (District-wise)
87,Gadag,Crime Against Women,Crime Against Women,2024,159,15.429,75.635,89.3,1071,932,2003,41.9,75.8,75.6,Northern Range,Medium,Table 3.1 - Crime against Women (IPC+SLL)
88,Gadag,Economic Offence,Financial Crime,2024,50,15.429,75.635,89.3,1071,932,2003,41.9,75.8,75.6,Northern Range,Medium,Table 9.1 - Economic Offences (District-wise)
89,Gadag,Cyber Crime,Cyber Crime,2024,67,15.429,75.635,89.3,1071,932,2003,41.9,75.8,75.6,Northern Range,Medium,Table 10.1 - Cyber Crimes (District-wise)
90,Gadag,Missing Persons,Public Safety,2024,25,15.429,75.635,89.3,1071,932,2003,41.9,75.8,75.6,Northern Range,Medium,Table 14.1 - Missing and Traced Children (District-wise)
91,Kalaburgi,Murder,Violent Crime,2024,31,17.3297,76.8343,161.5,2617,919,3536,25.9,80.1,80.1,Kalaburagi Range,High,Table 2A.1 - Murder Cases 2022-2024
92,Kalaburgi,Kidnapping & Abduction,Violent Crime,2024,80,17.3297,76.8343,161.5,2617,919,3536,25.9,80.1,80.1,Kalaburagi Range,High,Table 2B.1 - Kidnapping & Abduction (District-wise)
93,Kalaburgi,Crime Against Women,Crime Against Women,2024,360,17.3297,76.8343,161.5,2617,919,3536,25.9,80.1,80.1,Kalaburagi Range,High,Table 3.1 - Crime against Women (IPC+SLL)
94,Kalaburgi,Economic Offence,Financial Crime,2024,49,17.3297,76.8343,161.5,2617,919,3536,25.9,80.1,80.1,Kalaburagi Range,High,Table 9.1 - Economic Offences (District-wise)
95,Kalaburgi,Cyber Crime,Cyber Crime,2024,33,17.3297,76.8343,161.5,2617,919,3536,25.9,80.1,80.1,Kalaburagi Range,High,Table 10.1 - Cyber Crimes (District-wise)
96,Kalaburgi,Missing Persons,Public Safety,2024,29,17.3297,76.8343,161.5,2617,919,3536,25.9,80.1,80.1,Kalaburagi Range,High,Table 14.1 - Missing and Traced Children (District-wise)
97,Hassan,Murder,Violent Crime,2024,45,13.0072,76.0962,234.6,5097,1103,6200,53.5,81.3,92.0,Southern Range,High,Table 2A.1 - Murder Cases 2022-2024
98,Hassan,Kidnapping & Abduction,Violent Crime,2024,96,13.0072,76.0962,234.6,5097,1103,6200,53.5,81.3,92.0,Southern Range,High,Table 2B.1 - Kidnapping & Abduction (District-wise)
99,Hassan,Crime Against Women,Crime Against Women,2024,689,13.0072,76.0962,234.6,5097,1103,6200,53.5,81.3,92.0,Southern Range,High,Table 3.1 - Crime against Women (IPC+SLL)
100,Hassan,Economic Offence,Financial Crime,2024,172,13.0072,76.0962,234.6,5097,1103,6200,53.5,81.3,92.0,Southern Range,High,Table 9.1 - Economic Offences (District-wise)
101,Hassan,Cyber Crime,Cyber Crime,2024,131,13.0072,76.0962,234.6,5097,1103,6200,53.5,81.3,92.0,Southern Range,High,Table 10.1 - Cyber Crimes (District-wise)
102,Hassan,Missing Persons,Public Safety,2024,56,13.0072,76.0962,234.6,5097,1103,6200,53.5,81.3,92.0,Southern Range,High,Table 14.1 - Missing and Traced Children (District-wise)
103,Haveri,Murder,Violent Crime,2024,22,14.7936,75.4004,133.8,2448,1001,3449,31.2,69.5,74.6,Eastern Range,High,Table 2A.1 - Murder Cases 2022-2024
104,Haveri,Kidnapping & Abduction,Violent Crime,2024,58,14.7936,75.4004,133.8,2448,1001,3449,31.2,69.5,74.6,Eastern Range,High,Table 2B.1 - Kidnapping & Abduction (District-wise)
105,Haveri,Crime Against Women,Crime Against Women,2024,367,14.7936,75.4004,133.8,2448,1001,3449,31.2,69.5,74.6,Eastern Range,High,Table 3.1 - Crime against Women (IPC+SLL)
106,Haveri,Economic Offence,Financial Crime,2024,73,14.7936,75.4004,133.8,2448,1001,3449,31.2,69.5,74.6,Eastern Range,High,Table 9.1 - Economic Offences (District-wise)
107,Haveri,Cyber Crime,Cyber Crime,2024,125,14.7936,75.4004,133.8,2448,1001,3449,31.2,69.5,74.6,Eastern Range,High,Table 10.1 - Cyber Crimes (District-wise)
108,Haveri,Missing Persons,Public Safety,2024,21,14.7936,75.4004,133.8,2448,1001,3449,31.2,69.5,74.6,Eastern Range,High,Table 14.1 - Missing and Traced Children (District-wise)
109,Hubballi Dharwad City,Murder,Violent Crime,2024,24,15.3647,75.124,166.6,1816,1109,2925,42.3,74.2,85.1,Commissionerate,High,Table 2A.1 - Murder Cases 2022-2024
110,Hubballi Dharwad City,Kidnapping & Abduction,Violent Crime,2024,79,15.3647,75.124,166.6,1816,1109,2925,42.3,74.2,85.1,Commissionerate,High,Table 2B.1 - Kidnapping & Abduction (District-wise)
111,Hubballi Dharwad City,Crime Against Women,Crime Against Women,2024,318,15.3647,75.124,166.6,1816,1109,2925,42.3,74.2,85.1,Commissionerate,High,Table 3.1 - Crime against Women (IPC+SLL)
112,Hubballi Dharwad City,Economic Offence,Financial Crime,2024,123,15.3647,75.124,166.6,1816,1109,2925,42.3,74.2,85.1,Commissionerate,High,Table 9.1 - Economic Offences (District-wise)
113,Hubballi Dharwad City,Cyber Crime,Cyber Crime,2024,240,15.3647,75.124,166.6,1816,1109,2925,42.3,74.2,85.1,Commissionerate,High,Table 10.1 - Cyber Crimes (District-wise)
114,Hubballi Dharwad City,Missing Persons,Public Safety,2024,42,15.3647,75.124,166.6,1816,1109,2925,42.3,74.2,85.1,Commissionerate,High,Table 14.1 - Missing and Traced Children (District-wise)
115,KGF,Murder,Violent Crime,2024,12,12.9587,78.2663,88.3,786,342,1128,21.0,74.7,61.1,Central Range,Medium,Table 2A.1 - Murder Cases 2022-2024
116,KGF,Kidnapping & Abduction,Violent Crime,2024,36,12.9587,78.2663,88.3,786,342,1128,21.0,74.7,61.1,Central Range,Medium,Table 2B.1 - Kidnapping & Abduction (District-wise)
117,KGF,Crime Against Women,Crime Against Women,2024,159,12.9587,78.2663,88.3,786,342,1128,21.0,74.7,61.1,Central Range,Medium,Table 3.1 - Crime against Women (IPC+SLL)
118,KGF,Economic Offence,Financial Crime,2024,29,12.9587,78.2663,88.3,786,342,1128,21.0,74.7,61.1,Central Range,Medium,Table 9.1 - Economic Offences (District-wise)
119,KGF,Cyber Crime,Cyber Crime,2024,97,12.9587,78.2663,88.3,786,342,1128,21.0,74.7,61.1,Central Range,Medium,Table 10.1 - Cyber Crimes (District-wise)
120,KGF,Missing Persons,Public Safety,2024,22,12.9587,78.2663,88.3,786,342,1128,21.0,74.7,61.1,Central Range,Medium,Table 14.1 - Missing and Traced Children (District-wise)
121,Kodagu,Murder,Violent Crime,2024,23,12.4244,75.7382,275.5,1499,492,1991,21.5,82.3,74.3,Southern Range,High,Table 2A.1 - Murder Cases 2022-2024
122,Kodagu,Kidnapping & Abduction,Violent Crime,2024,40,12.4244,75.7382,275.5,1499,492,1991,21.5,82.3,74.3,Southern Range,High,Table 2B.1 - Kidnapping & Abduction (District-wise)
123,Kodagu,Crime Against Women,Crime Against Women,2024,215,12.4244,75.7382,275.5,1499,492,1991,21.5,82.3,74.3,Southern Range,High,Table 3.1 - Crime against Women (IPC+SLL)
124,Kodagu,Economic Offence,Financial Crime,2024,84,12.4244,75.7382,275.5,1499,492,1991,21.5,82.3,74.3,Southern Range,High,Table 9.1 - Economic Offences (District-wise)
125,Kodagu,Cyber Crime,Cyber Crime,2024,82,12.4244,75.7382,275.5,1499,492,1991,21.5,82.3,74.3,Southern Range,High,Table 10.1 - Cyber Crimes (District-wise)
126,Kodagu,Missing Persons,Public Safety,2024,19,12.4244,75.7382,275.5,1499,492,1991,21.5,82.3,74.3,Southern Range,High,Table 14.1 - Missing and Traced Children (District-wise)
127,Kolar,Murder,Violent Crime,2024,28,13.1367,78.1298,263.0,2262,455,2717,31.6,82.5,83.5,Central Range,High,Table 2A.1 - Murder Cases 2022-2024
128,Kolar,Kidnapping & Abduction,Violent Crime,2024,80,13.1367,78.1298,263.0,2262,455,2717,31.6,82.5,83.5,Central Range,High,Table 2B.1 - Kidnapping & Abduction (District-wise)
129,Kolar,Crime Against Women,Crime Against Women,2024,339,13.1367,78.1298,263.0,2262,455,2717,31.6,82.5,83.5,Central Range,High,Table 3.1 - Crime against Women (IPC+SLL)
130,Kolar,Economic Offence,Financial Crime,2024,71,13.1367,78.1298,263.0,2262,455,2717,31.6,82.5,83.5,Central Range,High,Table 9.1 - Economic Offences (District-wise)
131,Kolar,Cyber Crime,Cyber Crime,2024,58,13.1367,78.1298,263.0,2262,455,2717,31.6,82.5,83.5,Central Range,High,Table 10.1 - Cyber Crimes (District-wise)
132,Kolar,Missing Persons,Public Safety,2024,44,13.1367,78.1298,263.0,2262,455,2717,31.6,82.5,83.5,Central Range,High,Table 14.1 - Missing and Traced Children (District-wise)
133,Koppal,Murder,Violent Crime,2024,19,15.3547,76.1547,120.1,1774,1021,2795,58.9,81.1,99.3,Ballari Range,High,Table 2A.1 - Murder Cases 2022-2024
134,Koppal,Kidnapping & Abduction,Violent Crime,2024,43,15.3547,76.1547,120.1,1774,1021,2795,58.9,81.1,99.3,Ballari Range,High,Table 2B.1 - Kidnapping & Abduction (District-wise)
135,Koppal,Crime Against Women,Crime Against Women,2024,288,15.3547,76.1547,120.1,1774,1021,2795,58.9,81.1,99.3,Ballari Range,High,Table 3.1 - Crime against Women (IPC+SLL)
136,Koppal,Economic Offence,Financial Crime,2024,59,15.3547,76.1547,120.1,1774,1021,2795,58.9,81.1,99.3,Ballari Range,High,Table 9.1 - Economic Offences (District-wise)
137,Koppal,Cyber Crime,Cyber Crime,2024,27,15.3547,76.1547,120.1,1774,1021,2795,58.9,81.1,99.3,Ballari Range,High,Table 10.1 - Cyber Crimes (District-wise)
138,Koppal,Missing Persons,Public Safety,2024,30,15.3547,76.1547,120.1,1774,1021,2795,58.9,81.1,99.3,Ballari Range,High,Table 14.1 - Missing and Traced Children (District-wise)
139,Mandya,Murder,Violent Crime,2024,27,12.5242,76.8958,267.7,4363,1156,5519,41.0,88.4,86.3,Southern Range,High,Table 2A.1 - Murder Cases 2022-2024
140,Mandya,Kidnapping & Abduction,Violent Crime,2024,103,12.5242,76.8958,267.7,4363,1156,5519,41.0,88.4,86.3,Southern Range,High,Table 2B.1 - Kidnapping & Abduction (District-wise)
141,Mandya,Crime Against Women,Crime Against Women,2024,606,12.5242,76.8958,267.7,4363,1156,5519,41.0,88.4,86.3,Southern Range,High,Table 3.1 - Crime against Women (IPC+SLL)
142,Mandya,Economic Offence,Financial Crime,2024,108,12.5242,76.8958,267.7,4363,1156,5519,41.0,88.4,86.3,Southern Range,High,Table 9.1 - Economic Offences (District-wise)
143,Mandya,Cyber Crime,Cyber Crime,2024,67,12.5242,76.8958,267.7,4363,1156,5519,41.0,88.4,86.3,Southern Range,High,Table 10.1 - Cyber Crimes (District-wise)
144,Mandya,Missing Persons,Public Safety,2024,59,12.5242,76.8958,267.7,4363,1156,5519,41.0,88.4,86.3,Southern Range,High,Table 14.1 - Missing and Traced Children (District-wise)
145,Mangaluru City,Murder,Violent Crime,2024,10,12.9141,74.856,181.3,2103,1644,3747,57.2,84.2,75.9,Commissionerate,High,Table 2A.1 - Murder Cases 2022-2024
146,Mangaluru City,Kidnapping & Abduction,Violent Crime,2024,53,12.9141,74.856,181.3,2103,1644,3747,57.2,84.2,75.9,Commissionerate,High,Table 2B.1 - Kidnapping & Abduction (District-wise)
147,Mangaluru City,Crime Against Women,Crime Against Women,2024,280,12.9141,74.856,181.3,2103,1644,3747,57.2,84.2,75.9,Commissionerate,High,Table 3.1 - Crime against Women (IPC+SLL)
148,Mangaluru City,Economic Offence,Financial Crime,2024,131,12.9141,74.856,181.3,2103,1644,3747,57.2,84.2,75.9,Commissionerate,High,Table 9.1 - Economic Offences (District-wise)
149,Mangaluru City,Cyber Crime,Cyber Crime,2024,137,12.9141,74.856,181.3,2103,1644,3747,57.2,84.2,75.9,Commissionerate,High,Table 10.1 - Cyber Crimes (District-wise)
150,Mangaluru City,Missing Persons,Public Safety,2024,17,12.9141,74.856,181.3,2103,1644,3747,57.2,84.2,75.9,Commissionerate,High,Table 14.1 - Missing and Traced Children (District-wise)
151,Mysuru City,Murder,Violent Crime,2024,22,12.2958,76.6394,140.2,2523,627,3150,56.1,78.4,93.0,Commissionerate,High,Table 2A.1 - Murder Cases 2022-2024
152,Mysuru City,Kidnapping & Abduction,Violent Crime,2024,61,12.2958,76.6394,140.2,2523,627,3150,56.1,78.4,93.0,Commissionerate,High,Table 2B.1 - Kidnapping & Abduction (District-wise)
153,Mysuru City,Crime Against Women,Crime Against Women,2024,363,12.2958,76.6394,140.2,2523,627,3150,56.1,78.4,93.0,Commissionerate,High,Table 3.1 - Crime against Women (IPC+SLL)
154,Mysuru City,Economic Offence,Financial Crime,2024,175,12.2958,76.6394,140.2,2523,627,3150,56.1,78.4,93.0,Commissionerate,High,Table 9.1 - Economic Offences (District-wise)
155,Mysuru City,Cyber Crime,Cyber Crime,2024,260,12.2958,76.6394,140.2,2523,627,3150,56.1,78.4,93.0,Commissionerate,High,Table 10.1 - Cyber Crimes (District-wise)
156,Mysuru City,Missing Persons,Public Safety,2024,36,12.2958,76.6394,140.2,2523,627,3150,56.1,78.4,93.0,Commissionerate,High,Table 14.1 - Missing and Traced Children (District-wise)
157,Mysuru District,Murder,Violent Crime,2024,49,12.3052,76.6552,184.6,4885,735,5620,35.2,86.7,83.5,Southern Range,High,Table 2A.1 - Murder Cases 2022-2024
158,Mysuru District,Kidnapping & Abduction,Violent Crime,2024,117,12.3052,76.6552,184.6,4885,735,5620,35.2,86.7,83.5,Southern Range,High,Table 2B.1 - Kidnapping & Abduction (District-wise)
159,Mysuru District,Crime Against Women,Crime Against Women,2024,602,12.3052,76.6552,184.6,4885,735,5620,35.2,86.7,83.5,Southern Range,High,Table 3.1 - Crime against Women (IPC+SLL)
160,Mysuru District,Economic Offence,Financial Crime,2024,104,12.3052,76.6552,184.6,4885,735,5620,35.2,86.7,83.5,Southern Range,High,Table 9.1 - Economic Offences (District-wise)
161,Mysuru District,Cyber Crime,Cyber Crime,2024,46,12.3052,76.6552,184.6,4885,735,5620,35.2,86.7,83.5,Southern Range,High,Table 10.1 - Cyber Crimes (District-wise)
162,Mysuru District,Missing Persons,Public Safety,2024,55,12.3052,76.6552,184.6,4885,735,5620,35.2,86.7,83.5,Southern Range,High,Table 14.1 - Missing and Traced Children (District-wise)
163,Raichur,Murder,Violent Crime,2024,39,16.2076,77.3463,105.0,2798,1464,4262,41.9,85.5,93.8,Ballari Range,Medium,Table 2A.1 - Murder Cases 2022-2024
164,Raichur,Kidnapping & Abduction,Violent Crime,2024,52,16.2076,77.3463,105.0,2798,1464,4262,41.9,85.5,93.8,Ballari Range,Medium,Table 2B.1 - Kidnapping & Abduction (District-wise)
165,Raichur,Crime Against Women,Crime Against Women,2024,523,16.2076,77.3463,105.0,2798,1464,4262,41.9,85.5,93.8,Ballari Range,Medium,Table 3.1 - Crime against Women (IPC+SLL)
166,Raichur,Economic Offence,Financial Crime,2024,114,16.2076,77.3463,105.0,2798,1464,4262,41.9,85.5,93.8,Ballari Range,Medium,Table 9.1 - Economic Offences (District-wise)
167,Raichur,Cyber Crime,Cyber Crime,2024,21,16.2076,77.3463,105.0,2798,1464,4262,41.9,85.5,93.8,Ballari Range,Medium,Table 10.1 - Cyber Crimes (District-wise)
168,Raichur,Missing Persons,Public Safety,2024,24,16.2076,77.3463,105.0,2798,1464,4262,41.9,85.5,93.8,Ballari Range,Medium,Table 14.1 - Missing and Traced Children (District-wise)
169,KRailways,Murder,Violent Crime,2024,13,12.9716,77.5946,0.0,864,93,957,0.0,32.8,93.1,Railways,Low,Table 2A.1 - Murder Cases 2022-2024
170,KRailways,Kidnapping & Abduction,Violent Crime,2024,4,12.9716,77.5946,0.0,864,93,957,0.0,32.8,93.1,Railways,Low,Table 2B.1 - Kidnapping & Abduction (District-wise)
171,KRailways,Crime Against Women,Crime Against Women,2024,18,12.9716,77.5946,0.0,864,93,957,0.0,32.8,93.1,Railways,Low,Table 3.1 - Crime against Women (IPC+SLL)
172,KRailways,Economic Offence,Financial Crime,2024,3,12.9716,77.5946,0.0,864,93,957,0.0,32.8,93.1,Railways,Low,Table 9.1 - Economic Offences (District-wise)
173,KRailways,Cyber Crime,Cyber Crime,2024,0,12.9716,77.5946,0.0,864,93,957,0.0,32.8,93.1,Railways,Low,Table 10.1 - Cyber Crimes (District-wise)
174,KRailways,Missing Persons,Public Safety,2024,3,12.9716,77.5946,0.0,864,93,957,0.0,32.8,93.1,Railways,Low,Table 14.1 - Missing and Traced Children (District-wise)
175,Ramanagara,Murder,Violent Crime,2024,39,12.7159,77.2812,348.7,4010,805,4815,61.4,76.6,97.3,Central Range,High,Table 2A.1 - Murder Cases 2022-2024
176,Ramanagara,Kidnapping & Abduction,Violent Crime,2024,120,12.7159,77.2812,348.7,4010,805,4815,61.4,76.6,97.3,Central Range,High,Table 2B.1 - Kidnapping & Abduction (District-wise)
177,Ramanagara,Crime Against Women,Crime Against Women,2024,526,12.7159,77.2812,348.7,4010,805,4815,61.4,76.6,97.3,Central Range,High,Table 3.1 - Crime against Women (IPC+SLL)
178,Ramanagara,Economic Offence,Financial Crime,2024,145,12.7159,77.2812,348.7,4010,805,4815,61.4,76.6,97.3,Central Range,High,Table 9.1 - Economic Offences (District-wise)
179,Ramanagara,Cyber Crime,Cyber Crime,2024,236,12.7159,77.2812,348.7,4010,805,4815,61.4,76.6,97.3,Central Range,High,Table 10.1 - Cyber Crimes (District-wise)
180,Ramanagara,Missing Persons,Public Safety,2024,69,12.7159,77.2812,348.7,4010,805,4815,61.4,76.6,97.3,Central Range,High,Table 14.1 - Missing and Traced Children (District-wise)
181,Shimoga,Murder,Violent Crime,2024,36,13.9299,75.5681,240.2,4588,1825,6413,32.1,79.5,73.7,Eastern Range,High,Table 2A.1 - Murder Cases 2022-2024
182,Shimoga,Kidnapping & Abduction,Violent Crime,2024,109,13.9299,75.5681,240.2,4588,1825,6413,32.1,79.5,73.7,Eastern Range,High,Table 2B.1 - Kidnapping & Abduction (District-wise)
183,Shimoga,Crime Against Women,Crime Against Women,2024,817,13.9299,75.5681,240.2,4588,1825,6413,32.1,79.5,73.7,Eastern Range,High,Table 3.1 - Crime against Women (IPC+SLL)
184,Shimoga,Economic Offence,Financial Crime,2024,222,13.9299,75.5681,240.2,4588,1825,6413,32.1,79.5,73.7,Eastern Range,High,Table 9.1 - Economic Offences (District-wise)
185,Shimoga,Cyber Crime,Cyber Crime,2024,123,13.9299,75.5681,240.2,4588,1825,6413,32.1,79.5,73.7,Eastern Range,High,Table 10.1 - Cyber Crimes (District-wise)
186,Shimoga,Missing Persons,Public Safety,2024,60,13.9299,75.5681,240.2,4588,1825,6413,32.1,79.5,73.7,Eastern Range,High,Table 14.1 - Missing and Traced Children (District-wise)
187,Tumakuru,Murder,Violent Crime,2024,52,13.3379,77.1173,226.0,6352,1862,8214,54.3,78.8,90.6,Central Range,High,Table 2A.1 - Murder Cases 2022-2024
188,Tumakuru,Kidnapping & Abduction,Violent Crime,2024,154,13.3379,77.1173,226.0,6352,1862,8214,54.3,78.8,90.6,Central Range,High,Table 2B.1 - Kidnapping & Abduction (District-wise)
189,Tumakuru,Crime Against Women,Crime Against Women,2024,858,13.3379,77.1173,226.0,6352,1862,8214,54.3,78.8,90.6,Central Range,High,Table 3.1 - Crime against Women (IPC+SLL)
190,Tumakuru,Economic Offence,Financial Crime,2024,271,13.3379,77.1173,226.0,6352,1862,8214,54.3,78.8,90.6,Central Range,High,Table 9.1 - Economic Offences (District-wise)
191,Tumakuru,Cyber Crime,Cyber Crime,2024,322,13.3379,77.1173,226.0,6352,1862,8214,54.3,78.8,90.6,Central Range,High,Table 10.1 - Cyber Crimes (District-wise)
192,Tumakuru,Missing Persons,Public Safety,2024,75,13.3379,77.1173,226.0,6352,1862,8214,54.3,78.8,90.6,Central Range,High,Table 14.1 - Missing and Traced Children (District-wise)
193,Udupi,Murder,Violent Crime,2024,6,13.3409,74.7421,213.1,2707,645,3352,61.5,80.8,76.0,Western Range,High,Table 2A.1 - Murder Cases 2022-2024
194,Udupi,Kidnapping & Abduction,Violent Crime,2024,35,13.3409,74.7421,213.1,2707,645,3352,61.5,80.8,76.0,Western Range,High,Table 2B.1 - Kidnapping & Abduction (District-wise)
195,Udupi,Crime Against Women,Crime Against Women,2024,248,13.3409,74.7421,213.1,2707,645,3352,61.5,80.8,76.0,Western Range,High,Table 3.1 - Crime against Women (IPC+SLL)
196,Udupi,Economic Offence,Financial Crime,2024,172,13.3409,74.7421,213.1,2707,645,3352,61.5,80.8,76.0,Western Range,High,Table 9.1 - Economic Offences (District-wise)
197,Udupi,Cyber Crime,Cyber Crime,2024,203,13.3409,74.7421,213.1,2707,645,3352,61.5,80.8,76.0,Western Range,High,Table 10.1 - Cyber Crimes (District-wise)
198,Udupi,Missing Persons,Public Safety,2024,19,13.3409,74.7421,213.1,2707,645,3352,61.5,80.8,76.0,Western Range,High,Table 14.1 - Missing and Traced Children (District-wise)
199,Uttara Kannada,Murder,Violent Crime,2024,17,14.7938,74.6996,166.3,2577,906,3483,46.4,78.8,75.4,Western Range,High,Table 2A.1 - Murder Cases 2022-2024
200,Uttara Kannada,Kidnapping & Abduction,Violent Crime,2024,66,14.7938,74.6996,166.3,2577,906,3483,46.4,78.8,75.4,Western Range,High,Table 2B.1 - Kidnapping & Abduction (District-wise)
201,Uttara Kannada,Crime Against Women,Crime Against Women,2024,442,14.7938,74.6996,166.3,2577,906,3483,46.4,78.8,75.4,Western Range,High,Table 3.1 - Crime against Women (IPC+SLL)
202,Uttara Kannada,Economic Offence,Financial Crime,2024,104,14.7938,74.6996,166.3,2577,906,3483,46.4,78.8,75.4,Western Range,High,Table 9.1 - Economic Offences (District-wise)
203,Uttara Kannada,Cyber Crime,Cyber Crime,2024,96,14.7938,74.6996,166.3,2577,906,3483,46.4,78.8,75.4,Western Range,High,Table 10.1 - Cyber Crimes (District-wise)
204,Uttara Kannada,Missing Persons,Public Safety,2024,20,14.7938,74.6996,166.3,2577,906,3483,46.4,78.8,75.4,Western Range,High,Table 14.1 - Missing and Traced Children (District-wise)
205,Yadgiri,Murder,Violent Crime,2024,21,16.7692,77.1376,103.4,1582,898,2480,25.3,79.7,76.8,Kalaburagi Range,Medium,Table 2A.1 - Murder Cases 2022-2024
206,Yadgiri,Kidnapping & Abduction,Violent Crime,2024,38,16.7692,77.1376,103.4,1582,898,2480,25.3,79.7,76.8,Kalaburagi Range,Medium,Table 2B.1 - Kidnapping & Abduction (District-wise)
207,Yadgiri,Crime Against Women,Crime Against Women,2024,301,16.7692,77.1376,103.4,1582,898,2480,25.3,79.7,76.8,Kalaburagi Range,Medium,Table 3.1 - Crime against Women (IPC+SLL)
208,Yadgiri,Economic Offence,Financial Crime,2024,43,16.7692,77.1376,103.4,1582,898,2480,25.3,79.7,76.8,Kalaburagi Range,Medium,Table 9.1 - Economic Offences (District-wise)
209,Yadgiri,Cyber Crime,Cyber Crime,2024,19,16.7692,77.1376,103.4,1582,898,2480,25.3,79.7,76.8,Kalaburagi Range,Medium,Table 10.1 - Cyber Crimes (District-wise)
210,Yadgiri,Missing Persons,Public Safety,2024,2,16.7692,77.1376,103.4,1582,898,2480,25.3,79.7,76.8,Kalaburagi Range,Medium,Table 14.1 - Missing and Traced Children (District-wise)
211,Belagavi City,Murder,Violent Crime,2024,15,15.8497,74.4977,62.5,1730,394,2124,31.3,65.4,80.3,Commissionerate,Medium,Table 2A.1 - Murder Cases 2022-2024
212,Belagavi City,Kidnapping & Abduction,Violent Crime,2024,45,15.8497,74.4977,62.5,1730,394,2124,31.3,65.4,80.3,Commissionerate,Medium,Table 2B.1 - Kidnapping & Abduction (District-wise)
213,Belagavi City,Crime Against Women,Crime Against Women,2024,223,15.8497,74.4977,62.5,1730,394,2124,31.3,65.4,80.3,Commissionerate,Medium,Table 3.1 - Crime against Women (IPC+SLL)
214,Belagavi City,Economic Offence,Financial Crime,2024,109,15.8497,74.4977,62.5,1730,394,2124,31.3,65.4,80.3,Commissionerate,Medium,Table 9.1 - Economic Offences (District-wise)
215,Belagavi City,Cyber Crime,Cyber Crime,2024,102,15.8497,74.4977,62.5,1730,394,2124,31.3,65.4,80.3,Commissionerate,Medium,Table 10.1 - Cyber Crimes (District-wise)
216,Belagavi City,Missing Persons,Public Safety,2024,22,15.8497,74.4977,62.5,1730,394,2124,31.3,65.4,80.3,Commissionerate,Medium,Table 14.1 - Missing and Traced Children (District-wise)
217,Kalaburgi City,Murder,Violent Crime,2024,25,17.3297,76.8343,115.9,1808,561,2369,47.4,65.8,92.0,Commissionerate,Medium,Table 2A.1 - Murder Cases 2022-2024
218,Kalaburgi City,Kidnapping & Abduction,Violent Crime,2024,69,17.3297,76.8343,115.9,1808,561,2369,47.4,65.8,92.0,Commissionerate,Medium,Table 2B.1 - Kidnapping & Abduction (District-wise)
219,Kalaburgi City,Crime Against Women,Crime Against Women,2024,263,17.3297,76.8343,115.9,1808,561,2369,47.4,65.8,92.0,Commissionerate,Medium,Table 3.1 - Crime against Women (IPC+SLL)
220,Kalaburgi City,Economic Offence,Financial Crime,2024,89,17.3297,76.8343,115.9,1808,561,2369,47.4,65.8,92.0,Commissionerate,Medium,Table 9.1 - Economic Offences (District-wise)
221,Kalaburgi City,Cyber Crime,Cyber Crime,2024,30,17.3297,76.8343,115.9,1808,561,2369,47.4,65.8,92.0,Commissionerate,Medium,Table 10.1 - Cyber Crimes (District-wise)
222,Kalaburgi City,Missing Persons,Public Safety,2024,22,17.3297,76.8343,115.9,1808,561,2369,47.4,65.8,92.0,Commissionerate,Medium,Table 14.1 - Missing and Traced Children (District-wise)
223,Vijayanagara,Murder,Violent Crime,2024,21,15.2696,76.4693,101.7,1688,1291,2979,47.0,80.1,81.8,Ballari Range,Medium,Table 2A.1 - Murder Cases 2022-2024
224,Vijayanagara,Kidnapping & Abduction,Violent Crime,2024,53,15.2696,76.4693,101.7,1688,1291,2979,47.0,80.1,81.8,Ballari Range,Medium,Table 2B.1 - Kidnapping & Abduction (District-wise)
225,Vijayanagara,Crime Against Women,Crime Against Women,2024,336,15.2696,76.4693,101.7,1688,1291,2979,47.0,80.1,81.8,Ballari Range,Medium,Table 3.1 - Crime against Women (IPC+SLL)
226,Vijayanagara,Economic Offence,Financial Crime,2024,75,15.2696,76.4693,101.7,1688,1291,2979,47.0,80.1,81.8,Ballari Range,Medium,Table 9.1 - Economic Offences (District-wise)
227,Vijayanagara,Cyber Crime,Cyber Crime,2024,22,15.2696,76.4693,101.7,1688,1291,2979,47.0,80.1,81.8,Ballari Range,Medium,Table 10.1 - Cyber Crimes (District-wise)
228,Vijayanagara,Missing Persons,Public Safety,2024,22,15.2696,76.4693,101.7,1688,1291,2979,47.0,80.1,81.8,Ballari Range,Medium,Table 14.1 - Missing and Traced Children (District-wise)
